Info,Total Data,Treino Data,Teste Data,EQM Before,EMA Before,Pesos Otimizados,EQM After,EMA After,Num Testes,Erro Geral
Português Large Percentual Treino com 0.5,23378,11689,11689,0.525230847810162,0.5402374105988926,"[0.70021618, 0.28366601, 0.58906906]",0.5213580908393899,0.526471015808924,11689,47.21
Português Large Percentual Treino com 0.6,23378,14026,9352,0.5270068730499705,0.5494111154364224,"[0.70453691, 0.29596642, 0.53486774]",0.522951104947863,0.5317618518489508,9352,44.6
Português Large Percentual Treino com 0.7,23378,16364,7014,0.5259246839677915,0.5548789502770193,"[0.65381311, 0.3433597, 0.58822818]",0.5200517093143531,0.531650347195112,7014,41.86
Português Large Percentual Treino com 0.8,23378,18702,4676,0.5491697835570432,0.5637046934943681,"[0.63345436, 0.3060708, 0.66428992]",0.5438125104785707,0.5443082060693399,4676,40.17
Português Large Percentual Treino com 0.9,23378,21040,2338,0.6105339456284352,0.5938443727485434,"[0.56729639, 0.3484164, 0.84156265]",0.6037331529345534,0.5764945856766575,2338,42.09
Português Large Percentual Treino com 1 e teste com 0.1,23378,23378,2338,0.6393006381420181,0.6163082738008595,"[0.54579623, 0.37248172, 1.02607946]",0.6284818206180363,0.5943721012823022,2338,43.05
