Info,Total Data,Treino Data,Teste Data,EQM Before,EMA Before,Pesos Otimizados,EQM After,EMA After,Num Testes,Erro Geral
Português Base Percentual Treino com 0.5,23378,11689,11689,0.5250215238033791,0.541457793452339,"[0.64752499, 0.2754032, 0.26957437]",0.5224015771678424,0.5253634936254638,11689,41.84
Português Base Percentual Treino com 0.6,23378,14026,9352,0.5246584997866593,0.5487146833167558,"[0.65395275, 0.26488913, 0.26790483]",0.5210774190955527,0.5284071960138537,9352,40.65
Português Base Percentual Treino com 0.7,23378,16364,7014,0.5219413274247127,0.5515484799643086,"[0.60642215, 0.29398494, 0.29732043]",0.5165413737879875,0.5262061435350487,7014,38.54
Português Base Percentual Treino com 0.8,23378,18702,4676,0.5432130892108111,0.5592619445557712,"[0.57723758, 0.25741394, 0.33623268]",0.5385185382931869,0.5374640421401727,4676,36.57
Português Base Percentual Treino com 0.9,23378,21040,2338,0.5999990625597448,0.5899205063181109,"[0.49705143, 0.27977723, 0.42613684]",0.5949700044215867,0.5685708670021803,2338,37.74
Português Base Percentual Treino com 1 e teste com 0.1,23378,23378,2338,0.623134427756914,0.609677285998324,"[0.47001369, 0.27656978, 0.51803831]",0.6157199264607305,0.583745254696992,2338,38.64
